<?xml version="1.0" encoding="US-ASCII" standalone="yes"?>
<limits>
 <runnerClassName>compbio.runner.tcoffee.Tcoffee</runnerClassName>
	<limit isDefault="true">
		<seqNumber>1000</seqNumber>
		<seqLength>1000</seqLength>
	</limit>
	<limit isDefault="false">
		<preset># LocalEngineExecutionLimit #</preset>
		<seqNumber>15</seqNumber>
		<seqLength>400</seqLength>
	</limit>

	<!-- Limits for presets	-->
	<limit isDefault="false">
		<preset>Quick align. Very fast approximate (Speed-oriented)</preset>
		<seqNumber>1000</seqNumber>
		<seqLength>3000</seqLength>
	</limit>

</limits>
